"Step","lbf10_cbam_122_modified_baseline - SW_ep_rew_total","lbf10_cbam_122_modified_baseline - SW_ep_rew_total__MIN","lbf10_cbam_122_modified_baseline - SW_ep_rew_total__MAX"
"64000","24.712499380111694","24.712499380111694","24.712499380111694"
"128000","23.928000926971436","23.928000926971436","23.928000926971436"
"192000","23.928001403808594","23.928001403808594","23.928001403808594"
"256000","23.484000205993652","23.484000205993652","23.484000205993652"
"320000","24.119999885559082","24.119999885559082","24.119999885559082"
"384000","22.811999797821045","22.811999797821045","22.811999797821045"
"448000","22.895999908447266","22.895999908447266","22.895999908447266"
"512000","24.287999391555786","24.287999391555786","24.287999391555786"
"576000","24.92400026321411","24.92400026321411","24.92400026321411"
"640000","23.96399998664856","23.96399998664856","23.96399998664856"
"704000","23.447999477386475","23.447999477386475","23.447999477386475"
"768000","24.28800106048584","24.28800106048584","24.28800106048584"
"832000","23.592000007629395","23.592000007629395","23.592000007629395"
"896000","24.31200075149536","24.31200075149536","24.31200075149536"
"960000","23.8799991607666","23.8799991607666","23.8799991607666"
"1024000","24.948001384735107","24.948001384735107","24.948001384735107"
"1088000","24.731999397277832","24.731999397277832","24.731999397277832"
"1152000","24.899999618530273","24.899999618530273","24.899999618530273"
"1216000","24.972001552581787","24.972001552581787","24.972001552581787"
"1280000","24.816001892089844","24.816001892089844","24.816001892089844"
"1344000","24.696000576019287","24.696000576019287","24.696000576019287"
"1408000","24.64799928665161","24.64799928665161","24.64799928665161"
"1472000","25.164000511169434","25.164000511169434","25.164000511169434"
"1536000","25.18799924850464","25.18799924850464","25.18799924850464"
"1600000","25.668001174926758","25.668001174926758","25.668001174926758"
"1664000","25.895997524261475","25.895997524261475","25.895997524261475"
"1728000","25.59600067138672","25.59600067138672","25.59600067138672"
"1792000","25.524001598358154","25.524001598358154","25.524001598358154"
"1856000","24.420000076293945","24.420000076293945","24.420000076293945"
"1920000","26.015998363494873","26.015998363494873","26.015998363494873"
"1984000","26.004000186920166","26.004000186920166","26.004000186920166"
"2048000","25.97999906539917","25.97999906539917","25.97999906539917"
"2112000","26.315999031066895","26.315999031066895","26.315999031066895"
"2176000","25.968001127243042","25.968001127243042","25.968001127243042"
"2240000","26.039999961853027","26.039999961853027","26.039999961853027"
"2304000","26.6759991645813","26.6759991645813","26.6759991645813"
"2368000","25.8840012550354","25.8840012550354","25.8840012550354"
"2432000","25.487999439239502","25.487999439239502","25.487999439239502"
"2496000","25.632002353668213","25.632002353668213","25.632002353668213"
"2560000","25.66800022125244","25.66800022125244","25.66800022125244"
"2624000","25.452000617980957","25.452000617980957","25.452000617980957"
"2688000","26.58000135421753","26.58000135421753","26.58000135421753"
"2752000","27.407999515533447","27.407999515533447","27.407999515533447"
"2816000","26.24399995803833","26.24399995803833","26.24399995803833"
"2880000","25.235999584197998","25.235999584197998","25.235999584197998"
"2944000","26.74799871444702","26.74799871444702","26.74799871444702"
"3008000","26.38799810409546","26.38799810409546","26.38799810409546"
"3072000","26.712000846862793","26.712000846862793","26.712000846862793"
"3136000","27.371999740600586","27.371999740600586","27.371999740600586"
"3200000","26.219999313354492","26.219999313354492","26.219999313354492"
"3264000","25.82399892807007","25.82399892807007","25.82399892807007"
"3328000","26.028001308441162","26.028001308441162","26.028001308441162"
"3392000","26.27999973297119","26.27999973297119","26.27999973297119"
"3456000","26.928001880645752","26.928001880645752","26.928001880645752"
"3520000","26.35200023651123","26.35200023651123","26.35200023651123"
"3584000","25.848001956939697","25.848001956939697","25.848001956939697"
"3648000","26.495997428894043","26.495997428894043","26.495997428894043"
"3712000","26.388000965118408","26.388000965118408","26.388000965118408"
"3776000","26.27999973297119","26.27999973297119","26.27999973297119"
"3840000","26.771999835968018","26.771999835968018","26.771999835968018"
"3904000","26.567997932434082","26.567997932434082","26.567997932434082"
"3968000","26.328001976013184","26.328001976013184","26.328001976013184"
"4032000","26.496000289916992","26.496000289916992","26.496000289916992"
"4096000","26.076000690460205","26.076000690460205","26.076000690460205"
"4160000","26.11199951171875","26.11199951171875","26.11199951171875"
"4224000","26.483998775482178","26.483998775482178","26.483998775482178"
"4288000","26.11199975013733","26.11199975013733","26.11199975013733"
"4352000","25.499998807907104","25.499998807907104","25.499998807907104"
"4416000","25.751999378204346","25.751999378204346","25.751999378204346"
"4480000","26.099997520446777","26.099997520446777","26.099997520446777"
"4544000","26.567999839782715","26.567999839782715","26.567999839782715"
"4608000","25.715998649597168","25.715998649597168","25.715998649597168"
"4672000","25.500000715255737","25.500000715255737","25.500000715255737"
"4736000","26.027999877929688","26.027999877929688","26.027999877929688"
"4800000","25.740000247955322","25.740000247955322","25.740000247955322"
"4864000","26.640000820159912","26.640000820159912","26.640000820159912"
"4928000","26.280002117156982","26.280002117156982","26.280002117156982"
"4992000","26.172000408172607","26.172000408172607","26.172000408172607"
"5056000","25.99200201034546","25.99200201034546","25.99200201034546"
"5120000","25.956000328063965","25.956000328063965","25.956000328063965"
"5184000","26.243999481201172","26.243999481201172","26.243999481201172"
"5248000","25.787999629974365","25.787999629974365","25.787999629974365"
"5312000","25.920000076293945","25.920000076293945","25.920000076293945"
"5376000","26.244001865386963","26.244001865386963","26.244001865386963"
"5440000","25.92000102996826","25.92000102996826","25.92000102996826"
"5504000","25.415998458862305","25.415998458862305","25.415998458862305"
"5568000","25.884003162384033","25.884003162384033","25.884003162384033"
"5632000","26.315999507904053","26.315999507904053","26.315999507904053"
"5696000","26.53200101852417","26.53200101852417","26.53200101852417"
"5760000","26.196001529693604","26.196001529693604","26.196001529693604"
"5824000","26.123998880386353","26.123998880386353","26.123998880386353"
"5888000","26.640000343322754","26.640000343322754","26.640000343322754"
"5952000","26.928000926971436","26.928000926971436","26.928000926971436"
"6016000","25.716001987457275","25.716001987457275","25.716001987457275"
"6080000","26.027998685836792","26.027998685836792","26.027998685836792"
"6144000","26.076000690460205","26.076000690460205","26.076000690460205"
"6208000","25.500000953674316","25.500000953674316","25.500000953674316"
"6272000","26.57999849319458","26.57999849319458","26.57999849319458"
"6336000","26.03999900817871","26.03999900817871","26.03999900817871"
"6400000","25.799999237060547","25.799999237060547","25.799999237060547"
"6464000","25.3799991607666","25.3799991607666","25.3799991607666"
"6528000","25.20000123977661","25.20000123977661","25.20000123977661"
"6592000","25.74000072479248","25.74000072479248","25.74000072479248"
"6656000","27.28800106048584","27.28800106048584","27.28800106048584"
"6720000","26.38800048828125","26.38800048828125","26.38800048828125"
"6784000","25.631999492645264","25.631999492645264","25.631999492645264"
"6848000","25.548001289367676","25.548001289367676","25.548001289367676"
"6912000","26.184001922607422","26.184001922607422","26.184001922607422"
"6976000","26.027998447418213","26.027998447418213","26.027998447418213"
"7040000","26.820001125335693","26.820001125335693","26.820001125335693"
"7104000","26.71199941635132","26.71199941635132","26.71199941635132"
"7168000","26.17199993133545","26.17199993133545","26.17199993133545"
"7232000","26.18399977684021","26.18399977684021","26.18399977684021"
"7296000","26.832001209259033","26.832001209259033","26.832001209259033"
"7360000","25.55999994277954","25.55999994277954","25.55999994277954"
"7424000","25.5600004196167","25.5600004196167","25.5600004196167"
"7488000","25.812000274658203","25.812000274658203","25.812000274658203"
"7552000","25.896000385284424","25.896000385284424","25.896000385284424"
"7616000","26.327998161315918","26.327998161315918","26.327998161315918"
"7680000","26.483999252319336","26.483999252319336","26.483999252319336"
"7744000","25.84799814224243","25.84799814224243","25.84799814224243"
"7808000","26.13599967956543","26.13599967956543","26.13599967956543"
"7872000","25.704001426696777","25.704001426696777","25.704001426696777"
"7936000","26.17200231552124","26.17200231552124","26.17200231552124"
"8000000","25.956000804901123","25.956000804901123","25.956000804901123"
"8064000","25.27199935913086","25.27199935913086","25.27199935913086"
"8128000","25.931999683380127","25.931999683380127","25.931999683380127"
"8192000","25.860000133514404","25.860000133514404","25.860000133514404"
"8256000","26.89199733734131","26.89199733734131","26.89199733734131"
"8320000","27.191998958587646","27.191998958587646","27.191998958587646"
"8384000","26.015999794006348","26.015999794006348","26.015999794006348"
"8448000","25.823999404907227","25.823999404907227","25.823999404907227"
"8512000","25.23599863052368","25.23599863052368","25.23599863052368"
"8576000","26.543999671936035","26.543999671936035","26.543999671936035"
"8640000","26.748001098632812","26.748001098632812","26.748001098632812"
"8704000","26.388000011444092","26.388000011444092","26.388000011444092"
"8768000","25.056000471115112","25.056000471115112","25.056000471115112"
"8832000","25.8480007648468","25.8480007648468","25.8480007648468"
"8896000","26.07600164413452","26.07600164413452","26.07600164413452"
"8960000","25.463997840881348","25.463997840881348","25.463997840881348"
"9024000","25.55999779701233","25.55999779701233","25.55999779701233"
"9088000","26.532000064849854","26.532000064849854","26.532000064849854"
"9152000","26.36399745941162","26.36399745941162","26.36399745941162"
"9216000","25.95599937438965","25.95599937438965","25.95599937438965"
"9280000","25.88399887084961","25.88399887084961","25.88399887084961"
"9344000","25.992000579833984","25.992000579833984","25.992000579833984"
"9408000","26.244000911712646","26.244000911712646","26.244000911712646"
"9472000","26.02799892425537","26.02799892425537","26.02799892425537"
"9536000","26.651999473571777","26.651999473571777","26.651999473571777"
"9600000","26.83199977874756","26.83199977874756","26.83199977874756"
"9664000","26.40000057220459","26.40000057220459","26.40000057220459"
"9728000","26.316001415252686","26.316001415252686","26.316001415252686"
"9792000","26.244001626968384","26.244001626968384","26.244001626968384"
"9856000","26.100000381469727","26.100000381469727","26.100000381469727"
"9920000","25.487999439239502","25.487999439239502","25.487999439239502"
"9984000","25.019999265670776","25.019999265670776","25.019999265670776"
"10048000","25.487999439239502","25.487999439239502","25.487999439239502"
"10112000","25.668001174926758","25.668001174926758","25.668001174926758"
"10176000","25.728001594543457","25.728001594543457","25.728001594543457"
"10240000","26.292001724243164","26.292001724243164","26.292001724243164"
"10304000","27.395999431610107","27.395999431610107","27.395999431610107"
"10368000","26.351999759674072","26.351999759674072","26.351999759674072"
"10432000","26.052001953125","26.052001953125","26.052001953125"
"10496000","25.452000617980957","25.452000617980957","25.452000617980957"
"10560000","26.08799982070923","26.08799982070923","26.08799982070923"
"10624000","26.67599868774414","26.67599868774414","26.67599868774414"
"10688000","26.36400079727173","26.36400079727173","26.36400079727173"
"10752000","26.495999336242676","26.495999336242676","26.495999336242676"
"10816000","26.100000381469727","26.100000381469727","26.100000381469727"
"10880000","25.344001054763794","25.344001054763794","25.344001054763794"
"10944000","26.23199987411499","26.23199987411499","26.23199987411499"
"11008000","26.015999794006348","26.015999794006348","26.015999794006348"
"11072000","25.283999919891357","25.283999919891357","25.283999919891357"
"11136000","25.931998252868652","25.931998252868652","25.931998252868652"
"11200000","25.944000720977783","25.944000720977783","25.944000720977783"
"11264000","26.268000602722168","26.268000602722168","26.268000602722168"
"11328000","26.135998725891113","26.135998725891113","26.135998725891113"
"11392000","26.075998783111572","26.075998783111572","26.075998783111572"
"11456000","26.016000270843506","26.016000270843506","26.016000270843506"
"11520000","26.351999759674072","26.351999759674072","26.351999759674072"
"11584000","25.23599910736084","25.23599910736084","25.23599910736084"
"11648000","25.74000072479248","25.74000072479248","25.74000072479248"
"11712000","26.604000568389893","26.604000568389893","26.604000568389893"
"11776000","26.999999523162842","26.999999523162842","26.999999523162842"
"11840000","26.291998386383057","26.291998386383057","26.291998386383057"
"11904000","26.31600046157837","26.31600046157837","26.31600046157837"
"11968000","26.60400152206421","26.60400152206421","26.60400152206421"
"12032000","27.120001792907715","27.120001792907715","27.120001792907715"
"12096000","25.95600128173828","25.95600128173828","25.95600128173828"
"12160000","25.81200075149536","25.81200075149536","25.81200075149536"
"12224000","26.100003242492676","26.100003242492676","26.100003242492676"
"12288000","25.631999015808105","25.631999015808105","25.631999015808105"
"12352000","25.956002235412598","25.956002235412598","25.956002235412598"
"12416000","26.27999973297119","26.27999973297119","26.27999973297119"
"12480000","25.956000328063965","25.956000328063965","25.956000328063965"
"12544000","25.883999824523926","25.883999824523926","25.883999824523926"
"12608000","25.823997020721436","25.823997020721436","25.823997020721436"
"12672000","25.824003219604492","25.824003219604492","25.824003219604492"
"12736000","25.787999629974365","25.787999629974365","25.787999629974365"
"12800000","26.352002143859863","26.352002143859863","26.352002143859863"
"12864000","25.884000301361084","25.884000301361084","25.884000301361084"
"12928000","26.315998077392578","26.315998077392578","26.315998077392578"
"12992000","26.999999523162842","26.999999523162842","26.999999523162842"
"13056000","26.387999057769775","26.387999057769775","26.387999057769775"
"13120000","26.124000549316406","26.124000549316406","26.124000549316406"
"13184000","26.196001529693604","26.196001529693604","26.196001529693604"
"13248000","25.956000328063965","25.956000328063965","25.956000328063965"
"13312000","25.571998357772827","25.571998357772827","25.571998357772827"
"13376000","26.17199993133545","26.17199993133545","26.17199993133545"
"13440000","26.92799997329712","26.92799997329712","26.92799997329712"
"13504000","25.199999570846558","25.199999570846558","25.199999570846558"
"13568000","25.667998790740967","25.667998790740967","25.667998790740967"
"13632000","26.280000686645508","26.280000686645508","26.280000686645508"
"13696000","26.78399896621704","26.78399896621704","26.78399896621704"
"13760000","26.856003761291504","26.856003761291504","26.856003761291504"
"13824000","26.831998348236084","26.831998348236084","26.831998348236084"
"13888000","26.472000122070312","26.472000122070312","26.472000122070312"
"13952000","26.06399917602539","26.06399917602539","26.06399917602539"
"14016000","25.4639995098114","25.4639995098114","25.4639995098114"
"14080000","25.812001705169678","25.812001705169678","25.812001705169678"
"14144000","25.224000453948975","25.224000453948975","25.224000453948975"
"14208000","25.763999938964844","25.763999938964844","25.763999938964844"
"14272000","25.524000644683838","25.524000644683838","25.524000644683838"
"14336000","25.740002155303955","25.740002155303955","25.740002155303955"
"14400000","26.567999839782715","26.567999839782715","26.567999839782715"
"14464000","26.460001468658447","26.460001468658447","26.460001468658447"
"14528000","26.71199893951416","26.71199893951416","26.71199893951416"
"14592000","26.56800079345703","26.56800079345703","26.56800079345703"
"14656000","26.18400001525879","26.18400001525879","26.18400001525879"
"14720000","25.944000005722046","25.944000005722046","25.944000005722046"
"14784000","25.679999828338623","25.679999828338623","25.679999828338623"
"14848000","25.95600175857544","25.95600175857544","25.95600175857544"
"14912000","26.135997772216797","26.135997772216797","26.135997772216797"
"14976000","26.112000465393066","26.112000465393066","26.112000465393066"
"15040000","25.89599895477295","25.89599895477295","25.89599895477295"
"15104000","25.956000328063965","25.956000328063965","25.956000328063965"
"15168000","26.135997772216797","26.135997772216797","26.135997772216797"
"15232000","25.836001873016357","25.836001873016357","25.836001873016357"
"15296000","25.80000114440918","25.80000114440918","25.80000114440918"
"15360000","25.884000778198242","25.884000778198242","25.884000778198242"
"15424000","25.703999042510986","25.703999042510986","25.703999042510986"
"15488000","26.20800018310547","26.20800018310547","26.20800018310547"
"15552000","25.752001762390137","25.752001762390137","25.752001762390137"
"15616000","26.076001167297363","26.076001167297363","26.076001167297363"
"15680000","26.303997039794922","26.303997039794922","26.303997039794922"
"15744000","26.171997547149658","26.171997547149658","26.171997547149658"
"15808000","26.208000659942627","26.208000659942627","26.208000659942627"
"15872000","25.5600004196167","25.5600004196167","25.5600004196167"
"15936000","25.920000076293945","25.920000076293945","25.920000076293945"
"16000000","26.004000663757324","26.004000663757324","26.004000663757324"
"16064000","25.296000242233276","25.296000242233276","25.296000242233276"
"16128000","25.991998195648193","25.991998195648193","25.991998195648193"
"16192000","26.27999973297119","26.27999973297119","26.27999973297119"
"16256000","25.955997943878174","25.955997943878174","25.955997943878174"
"16320000","25.091999053955078","25.091999053955078","25.091999053955078"
"16384000","25.12799882888794","25.12799882888794","25.12799882888794"
"16448000","25.59600019454956","25.59600019454956","25.59600019454956"
"16512000","25.81200075149536","25.81200075149536","25.81200075149536"
"16576000","25.81199884414673","25.81199884414673","25.81199884414673"
"16640000","25.751996994018555","25.751996994018555","25.751996994018555"
"16704000","26.219999313354492","26.219999313354492","26.219999313354492"
"16768000","25.89599895477295","25.89599895477295","25.89599895477295"
"16832000","25.4280002117157","25.4280002117157","25.4280002117157"
"16896000","25.607999086380005","25.607999086380005","25.607999086380005"
"16960000","25.716001510620117","25.716001510620117","25.716001510620117"
"17024000","25.895999431610107","25.895999431610107","25.895999431610107"
"17088000","25.03199863433838","25.03199863433838","25.03199863433838"
"17152000","26.868000030517578","26.868000030517578","26.868000030517578"
"17216000","26.292000770568848","26.292000770568848","26.292000770568848"
"17280000","25.83599853515625","25.83599853515625","25.83599853515625"
"17344000","26.507999897003174","26.507999897003174","26.507999897003174"
"17408000","26.100001335144043","26.100001335144043","26.100001335144043"
"17472000","26.243999004364014","26.243999004364014","26.243999004364014"
"17536000","26.052001953125","26.052001953125","26.052001953125"
"17600000","26.088000774383545","26.088000774383545","26.088000774383545"
"17664000","25.59600019454956","25.59600019454956","25.59600019454956"
"17728000","26.279998302459717","26.279998302459717","26.279998302459717"
"17792000","26.351998329162598","26.351998329162598","26.351998329162598"
"17856000","26.07599973678589","26.07599973678589","26.07599973678589"
"17920000","25.932000160217285","25.932000160217285","25.932000160217285"
"17984000","25.271999835968018","25.271999835968018","25.271999835968018"
"18048000","25.956000804901123","25.956000804901123","25.956000804901123"
"18112000","26.736000537872314","26.736000537872314","26.736000537872314"
"18176000","26.447998523712158","26.447998523712158","26.447998523712158"
"18240000","26.75999927520752","26.75999927520752","26.75999927520752"
"18304000","26.74800157546997","26.74800157546997","26.74800157546997"
"18368000","26.50799798965454","26.50799798965454","26.50799798965454"
"18432000","25.7760009765625","25.7760009765625","25.7760009765625"
"18496000","26.064000129699707","26.064000129699707","26.064000129699707"
"18560000","26.63999891281128","26.63999891281128","26.63999891281128"
"18624000","25.71600103378296","25.71600103378296","25.71600103378296"
"18688000","25.524000644683838","25.524000644683838","25.524000644683838"
"18752000","25.992000579833984","25.992000579833984","25.992000579833984"
"18816000","25.94400119781494","25.94400119781494","25.94400119781494"
"18880000","25.93199920654297","25.93199920654297","25.93199920654297"
"18944000","25.967999935150146","25.967999935150146","25.967999935150146"
"19008000","26.195998668670654","26.195998668670654","26.195998668670654"
"19072000","26.37600040435791","26.37600040435791","26.37600040435791"
"19136000","26.35200071334839","26.35200071334839","26.35200071334839"
"19200000","26.40000057220459","26.40000057220459","26.40000057220459"
"19264000","26.124000072479248","26.124000072479248","26.124000072479248"
"19328000","25.871999263763428","25.871999263763428","25.871999263763428"
"19392000","25.595999717712402","25.595999717712402","25.595999717712402"
"19456000","25.775999546051025","25.775999546051025","25.775999546051025"
"19520000","25.992000579833984","25.992000579833984","25.992000579833984"
"19584000","26.21999979019165","26.21999979019165","26.21999979019165"
"19648000","26.03999948501587","26.03999948501587","26.03999948501587"
"19712000","25.55999994277954","25.55999994277954","25.55999994277954"
"19776000","26.09999990463257","26.09999990463257","26.09999990463257"
"19840000","26.999999523162842","26.999999523162842","26.999999523162842"
"19904000","26.89200210571289","26.89200210571289","26.89200210571289"
"19968000","25.53599977493286","25.53599977493286","25.53599977493286"
"20032000","26.32800006866455","26.32800006866455","26.32800006866455"
"20096000","26.351999282836914","26.351999282836914","26.351999282836914"
"20160000","25.667999267578125","25.667999267578125","25.667999267578125"
"20224000","25.30800437927246","25.30800437927246","25.30800437927246"
"20288000","25.475999355316162","25.475999355316162","25.475999355316162"
"20352000","25.9320011138916","25.9320011138916","25.9320011138916"
"20416000","26.064002513885498","26.064002513885498","26.064002513885498"
"20480000","26.02799892425537","26.02799892425537","26.02799892425537"
"20544000","26.20799970626831","26.20799970626831","26.20799970626831"
"20608000","26.927997589111328","26.927997589111328","26.927997589111328"
"20672000","26.939997673034668","26.939997673034668","26.939997673034668"
"20736000","25.872000217437744","25.872000217437744","25.872000217437744"
"20800000","25.21199893951416","25.21199893951416","25.21199893951416"
"20864000","25.835999488830566","25.835999488830566","25.835999488830566"
"20928000","26.184001445770264","26.184001445770264","26.184001445770264"
"20992000","25.84800100326538","25.84800100326538","25.84800100326538"
"21056000","26.25600290298462","26.25600290298462","26.25600290298462"
"21120000","25.859997749328613","25.859997749328613","25.859997749328613"
"21184000","26.112000465393066","26.112000465393066","26.112000465393066"
"21248000","26.71200180053711","26.71200180053711","26.71200180053711"
"21312000","27.540001392364502","27.540001392364502","27.540001392364502"
"21376000","26.43600034713745","26.43600034713745","26.43600034713745"
"21440000","26.220000743865967","26.220000743865967","26.220000743865967"
"21504000","26.78399896621704","26.78399896621704","26.78399896621704"
"21568000","25.919999599456787","25.919999599456787","25.919999599456787"
"21632000","26.315996646881104","26.315996646881104","26.315996646881104"
"21696000","26.063998699188232","26.063998699188232","26.063998699188232"
"21760000","26.172001361846924","26.172001361846924","26.172001361846924"
"21824000","25.52399969100952","25.52399969100952","25.52399969100952"
"21888000","25.476000785827637","25.476000785827637","25.476000785827637"
"21952000","25.247998237609863","25.247998237609863","25.247998237609863"
"22016000","25.596001625061035","25.596001625061035","25.596001625061035"
"22080000","26.24400043487549","26.24400043487549","26.24400043487549"
"22144000","26.53199863433838","26.53199863433838","26.53199863433838"
"22208000","26.063998222351074","26.063998222351074","26.063998222351074"
"22272000","25.728002071380615","25.728002071380615","25.728002071380615"
"22336000","25.63200092315674","25.63200092315674","25.63200092315674"
"22400000","25.896002292633057","25.896002292633057","25.896002292633057"
"22464000","25.920000553131104","25.920000553131104","25.920000553131104"
"22528000","26.24399995803833","26.24399995803833","26.24399995803833"
"22592000","25.88400173187256","25.88400173187256","25.88400173187256"
"22656000","25.70400047302246","25.70400047302246","25.70400047302246"
"22720000","25.8240008354187","25.8240008354187","25.8240008354187"
"22784000","26.532001495361328","26.532001495361328","26.532001495361328"
"22848000","26.627999782562256","26.627999782562256","26.627999782562256"
"22912000","26.387999534606934","26.387999534606934","26.387999534606934"
"22976000","26.279998779296875","26.279998779296875","26.279998779296875"
"23040000","26.351998329162598","26.351998329162598","26.351998329162598"
"23104000","26.579999446868896","26.579999446868896","26.579999446868896"
"23168000","25.96799898147583","25.96799898147583","25.96799898147583"
"23232000","25.824000120162964","25.824000120162964","25.824000120162964"
"23296000","26.616000652313232","26.616000652313232","26.616000652313232"
"23360000","26.100000381469727","26.100000381469727","26.100000381469727"
"23424000","24.672000885009766","24.672000885009766","24.672000885009766"
"23488000","25.16400170326233","25.16400170326233","25.16400170326233"
"23552000","24.887999534606934","24.887999534606934","24.887999534606934"
"23616000","26.111999034881592","26.111999034881592","26.111999034881592"
"23680000","26.784001350402832","26.784001350402832","26.784001350402832"
"23744000","26.027998685836792","26.027998685836792","26.027998685836792"
"23808000","25.58400058746338","25.58400058746338","25.58400058746338"
"23872000","25.139999866485596","25.139999866485596","25.139999866485596"
"23936000","25.96800184249878","25.96800184249878","25.96800184249878"
"24000000","25.595998764038086","25.595998764038086","25.595998764038086"
"24064000","26.14799976348877","26.14799976348877","26.14799976348877"
"24128000","26.07600164413452","26.07600164413452","26.07600164413452"
"24192000","26.25599956512451","26.25599956512451","26.25599956512451"
"24256000","26.579999446868896","26.579999446868896","26.579999446868896"
"24320000","26.400001049041748","26.400001049041748","26.400001049041748"
"24384000","27.083999156951904","27.083999156951904","27.083999156951904"
"24448000","26.856000423431396","26.856000423431396","26.856000423431396"
"24512000","25.751999855041504","25.751999855041504","25.751999855041504"
"24576000","27.323999404907227","27.323999404907227","27.323999404907227"
"24640000","27.119998931884766","27.119998931884766","27.119998931884766"
"24704000","26.435999393463135","26.435999393463135","26.435999393463135"
"24768000","26.22000026702881","26.22000026702881","26.22000026702881"
"24832000","26.616002082824707","26.616002082824707","26.616002082824707"
"24896000","26.376001358032227","26.376001358032227","26.376001358032227"
"24960000","25.499999523162842","25.499999523162842","25.499999523162842"
"25024000","25.7760009765625","25.7760009765625","25.7760009765625"
"25088000","26.82000160217285","26.82000160217285","26.82000160217285"
"25152000","26.69999599456787","26.69999599456787","26.69999599456787"
"25216000","26.435999870300293","26.435999870300293","26.435999870300293"
"25280000","25.631999731063843","25.631999731063843","25.631999731063843"
"25344000","25.560002088546753","25.560002088546753","25.560002088546753"
"25408000","25.668001651763916","25.668001651763916","25.668001651763916"
"25472000","26.02799940109253","26.02799940109253","26.02799940109253"
"25536000","26.5679988861084","26.5679988861084","26.5679988861084"
"25600000","26.02800178527832","26.02800178527832","26.02800178527832"
"25664000","25.88399839401245","25.88399839401245","25.88399839401245"
"25728000","26.196000576019287","26.196000576019287","26.196000576019287"
"25792000","25.619999408721924","25.619999408721924","25.619999408721924"
"25856000","26.064001083374023","26.064001083374023","26.064001083374023"
"25920000","26.56800127029419","26.56800127029419","26.56800127029419"
"25984000","25.74000072479248","25.74000072479248","25.74000072479248"
"26048000","25.46400022506714","25.46400022506714","25.46400022506714"
"26112000","26.075998306274414","26.075998306274414","26.075998306274414"
"26176000","26.663998126983643","26.663998126983643","26.663998126983643"
"26240000","26.7719988822937","26.7719988822937","26.7719988822937"
"26304000","27.15600061416626","27.15600061416626","27.15600061416626"
"26368000","27.084001064300537","27.084001064300537","27.084001064300537"
"26432000","26.100000143051147","26.100000143051147","26.100000143051147"
"26496000","25.488001346588135","25.488001346588135","25.488001346588135"
"26560000","25.499999523162842","25.499999523162842","25.499999523162842"
"26624000","26.05199909210205","26.05199909210205","26.05199909210205"
"26688000","26.795997619628906","26.795997619628906","26.795997619628906"
"26752000","26.279998302459717","26.279998302459717","26.279998302459717"
"26816000","26.28000020980835","26.28000020980835","26.28000020980835"
"26880000","25.679998874664307","25.679998874664307","25.679998874664307"
"26944000","25.115999221801758","25.115999221801758","25.115999221801758"
"27008000","26.076001167297363","26.076001167297363","26.076001167297363"
"27072000","25.932000637054443","25.932000637054443","25.932000637054443"
"27136000","26.099998950958252","26.099998950958252","26.099998950958252"
"27200000","26.100001335144043","26.100001335144043","26.100001335144043"
"27264000","26.003999710083008","26.003999710083008","26.003999710083008"
"27328000","25.788000106811523","25.788000106811523","25.788000106811523"
"27392000","25.596001148223877","25.596001148223877","25.596001148223877"
"27456000","25.70400071144104","25.70400071144104","25.70400071144104"
"27520000","25.920000553131104","25.920000553131104","25.920000553131104"
"27584000","25.632002592086792","25.632002592086792","25.632002592086792"
"27648000","25.70400047302246","25.70400047302246","25.70400047302246"
"27712000","27.03599977493286","27.03599977493286","27.03599977493286"
"27776000","26.544000148773193","26.544000148773193","26.544000148773193"
"27840000","27.323999881744385","27.323999881744385","27.323999881744385"
"27904000","26.4360032081604","26.4360032081604","26.4360032081604"
"27968000","25.859999656677246","25.859999656677246","25.859999656677246"
"28032000","26.387999534606934","26.387999534606934","26.387999534606934"
"28096000","26.89200210571289","26.89200210571289","26.89200210571289"
"28160000","25.60800051689148","25.60800051689148","25.60800051689148"
"28224000","25.212000370025635","25.212000370025635","25.212000370025635"
"28288000","25.956000328063965","25.956000328063965","25.956000328063965"
"28352000","25.93199920654297","25.93199920654297","25.93199920654297"
"28416000","26.016000270843506","26.016000270843506","26.016000270843506"
"28480000","26.423999786376953","26.423999786376953","26.423999786376953"
"28544000","26.064002513885498","26.064002513885498","26.064002513885498"
"28608000","25.884000301361084","25.884000301361084","25.884000301361084"
"28672000","25.908000946044922","25.908000946044922","25.908000946044922"
"28736000","26.63999843597412","26.63999843597412","26.63999843597412"
"28800000","25.992001056671143","25.992001056671143","25.992001056671143"
"28864000","26.315999507904053","26.315999507904053","26.315999507904053"
"28928000","26.747997760772705","26.747997760772705","26.747997760772705"
"28992000","26.89199924468994","26.89199924468994","26.89199924468994"
"29056000","26.60400104522705","26.60400104522705","26.60400104522705"
"29120000","26.136001110076904","26.136001110076904","26.136001110076904"
"29184000","26.388000965118408","26.388000965118408","26.388000965118408"
"29248000","26.351998805999756","26.351998805999756","26.351998805999756"
"29312000","26.07600164413452","26.07600164413452","26.07600164413452"
"29376000","26.291999340057373","26.291999340057373","26.291999340057373"
"29440000","26.712002277374268","26.712002277374268","26.712002277374268"
"29504000","26.424001216888428","26.424001216888428","26.424001216888428"
"29568000","25.776000261306763","25.776000261306763","25.776000261306763"
"29632000","26.75999879837036","26.75999879837036","26.75999879837036"
"29696000","25.835999488830566","25.835999488830566","25.835999488830566"
"29760000","25.524000644683838","25.524000644683838","25.524000644683838"
"29824000","26.676002025604248","26.676002025604248","26.676002025604248"
"29888000","25.739999294281006","25.739999294281006","25.739999294281006"
"29952000","25.64400005340576","25.64400005340576","25.64400005340576"
"30016000","25.91999864578247","25.91999864578247","25.91999864578247"
"30080000","25.84800100326538","25.84800100326538","25.84800100326538"
"30144000","26.183998584747314","26.183998584747314","26.183998584747314"
"30208000","26.08799982070923","26.08799982070923","26.08799982070923"
"30272000","25.860000133514404","25.860000133514404","25.860000133514404"
"30336000","26.315998554229736","26.315998554229736","26.315998554229736"
"30400000","25.95599937438965","25.95599937438965","25.95599937438965"
"30464000","25.66799783706665","25.66799783706665","25.66799783706665"
"30528000","26.25599765777588","26.25599765777588","26.25599765777588"
"30592000","25.896000862121582","25.896000862121582","25.896000862121582"
"30656000","26.760001182556152","26.760001182556152","26.760001182556152"
"30720000","25.824001789093018","25.824001789093018","25.824001789093018"
"30784000","25.53600025177002","25.53600025177002","25.53600025177002"
"30848000","26.06399917602539","26.06399917602539","26.06399917602539"
"30912000","26.328001976013184","26.328001976013184","26.328001976013184"
"30976000","25.920003414154053","25.920003414154053","25.920003414154053"
"31040000","26.05199909210205","26.05199909210205","26.05199909210205"
"31104000","25.596002101898193","25.596002101898193","25.596002101898193"
"31168000","25.57200050354004","25.57200050354004","25.57200050354004"
"31232000","25.932000160217285","25.932000160217285","25.932000160217285"
"31296000","26.712002277374268","26.712002277374268","26.712002277374268"
"31360000","26.423998832702637","26.423998832702637","26.423998832702637"
"31424000","26.603999614715576","26.603999614715576","26.603999614715576"
"31488000","26.388000011444092","26.388000011444092","26.388000011444092"
"31552000","25.956000804901123","25.956000804901123","25.956000804901123"
"31616000","25.955997467041016","25.955997467041016","25.955997467041016"
"31680000","26.208000659942627","26.208000659942627","26.208000659942627"
"31744000","25.871999740600586","25.871999740600586","25.871999740600586"
"31808000","25.284000873565674","25.284000873565674","25.284000873565674"
"31872000","25.34400177001953","25.34400177001953","25.34400177001953"
"31936000","26.148000240325928","26.148000240325928","26.148000240325928"
"32000000","25.78800106048584","25.78800106048584","25.78800106048584"
"32064000","25.571998596191406","25.571998596191406","25.571998596191406"
"32128000","26.07600164413452","26.07600164413452","26.07600164413452"
"32192000","26.291998863220215","26.291998863220215","26.291998863220215"
"32256000","26.387999534606934","26.387999534606934","26.387999534606934"
"32320000","27.540000438690186","27.540000438690186","27.540000438690186"
"32384000","26.627999305725098","26.627999305725098","26.627999305725098"
"32448000","25.955999851226807","25.955999851226807","25.955999851226807"
"32512000","25.775999546051025","25.775999546051025","25.775999546051025"
"32576000","25.88399887084961","25.88399887084961","25.88399887084961"
"32640000","25.92000102996826","25.92000102996826","25.92000102996826"
"32704000","25.715999126434326","25.715999126434326","25.715999126434326"
"32768000","25.787999391555786","25.787999391555786","25.787999391555786"
"32832000","25.152000665664673","25.152000665664673","25.152000665664673"
"32896000","27.168001174926758","27.168001174926758","27.168001174926758"
"32960000","25.955999851226807","25.955999851226807","25.955999851226807"
"33024000","26.00400185585022","26.00400185585022","26.00400185585022"
"33088000","25.5239999294281","25.5239999294281","25.5239999294281"
"33152000","26.3879976272583","26.3879976272583","26.3879976272583"
"33216000","26.78399896621704","26.78399896621704","26.78399896621704"
"33280000","26.303998470306396","26.303998470306396","26.303998470306396"
"33344000","25.224000930786133","25.224000930786133","25.224000930786133"
"33408000","25.60799789428711","25.60799789428711","25.60799789428711"
"33472000","25.739999771118164","25.739999771118164","25.739999771118164"
"33536000","26.74800157546997","26.74800157546997","26.74800157546997"
"33600000","26.579999923706055","26.579999923706055","26.579999923706055"
"33664000","26.38800048828125","26.38800048828125","26.38800048828125"
"33728000","25.871997833251953","25.871997833251953","25.871997833251953"
"33792000","25.896000385284424","25.896000385284424","25.896000385284424"
"33856000","26.36400032043457","26.36400032043457","26.36400032043457"
"33920000","25.704001903533936","25.704001903533936","25.704001903533936"
"33984000","26.507999420166016","26.507999420166016","26.507999420166016"
"34048000","27.228001594543457","27.228001594543457","27.228001594543457"
"34112000","26.89199924468994","26.89199924468994","26.89199924468994"
"34176000","26.171998500823975","26.171998500823975","26.171998500823975"
"34240000","26.112001419067383","26.112001419067383","26.112001419067383"
"34304000","25.775999069213867","25.775999069213867","25.775999069213867"
"34368000","25.344000816345215","25.344000816345215","25.344000816345215"
"34432000","25.427999019622803","25.427999019622803","25.427999019622803"
"34496000","26.13599967956543","26.13599967956543","26.13599967956543"
"34560000","26.831998825073242","26.831998825073242","26.831998825073242"
"34624000","26.184000968933105","26.184000968933105","26.184000968933105"
"34688000","25.452000617980957","25.452000617980957","25.452000617980957"
"34752000","25.955999851226807","25.955999851226807","25.955999851226807"
"34816000","25.752000331878662","25.752000331878662","25.752000331878662"
"34880000","25.608000993728638","25.608000993728638","25.608000993728638"
"34944000","25.595999717712402","25.595999717712402","25.595999717712402"
"35008000","25.739999294281006","25.739999294281006","25.739999294281006"
"35072000","25.739999771118164","25.739999771118164","25.739999771118164"
"35136000","25.487999439239502","25.487999439239502","25.487999439239502"
"35200000","26.0999972820282","26.0999972820282","26.0999972820282"
"35264000","26.85599994659424","26.85599994659424","26.85599994659424"
"35328000","26.327999591827393","26.327999591827393","26.327999591827393"
"35392000","25.95600128173828","25.95600128173828","25.95600128173828"
"35456000","25.463999271392822","25.463999271392822","25.463999271392822"
"35520000","24.959999561309814","24.959999561309814","24.959999561309814"
"35584000","25.81200361251831","25.81200361251831","25.81200361251831"
"35648000","26.17199945449829","26.17199945449829","26.17199945449829"
"35712000","26.43599796295166","26.43599796295166","26.43599796295166"
"35776000","25.307998657226562","25.307998657226562","25.307998657226562"
"35840000","25.115999698638916","25.115999698638916","25.115999698638916"
"35904000","25.931999683380127","25.931999683380127","25.931999683380127"
"35968000","26.028000593185425","26.028000593185425","26.028000593185425"
"36032000","25.78800082206726","25.78800082206726","25.78800082206726"
"36096000","25.99199914932251","25.99199914932251","25.99199914932251"
"36160000","25.776001453399658","25.776001453399658","25.776001453399658"
"36224000","26.531999111175537","26.531999111175537","26.531999111175537"
"36288000","25.58400249481201","25.58400249481201","25.58400249481201"
"36352000","25.872000217437744","25.872000217437744","25.872000217437744"
"36416000","26.24400234222412","26.24400234222412","26.24400234222412"
"36480000","25.595999717712402","25.595999717712402","25.595999717712402"
"36544000","25.992000102996826","25.992000102996826","25.992000102996826"
"36608000","26.17199945449829","26.17199945449829","26.17199945449829"
"36672000","25.668001174926758","25.668001174926758","25.668001174926758"
"36736000","26.136001110076904","26.136001110076904","26.136001110076904"
"36800000","26.183999061584473","26.183999061584473","26.183999061584473"
"36864000","25.992000102996826","25.992000102996826","25.992000102996826"
"36928000","25.031999588012695","25.031999588012695","25.031999588012695"
"36992000","25.3799991607666","25.3799991607666","25.3799991607666"
"37056000","25.631999015808105","25.631999015808105","25.631999015808105"
"37120000","25.54800009727478","25.54800009727478","25.54800009727478"
"37184000","26.255998611450195","26.255998611450195","26.255998611450195"
"37248000","26.567999839782715","26.567999839782715","26.567999839782715"
"37312000","27.18000078201294","27.18000078201294","27.18000078201294"
"37376000","26.74799919128418","26.74799919128418","26.74799919128418"
"37440000","25.524001121520996","25.524001121520996","25.524001121520996"
"37504000","26.32800006866455","26.32800006866455","26.32800006866455"
"37568000","26.400001049041748","26.400001049041748","26.400001049041748"
"37632000","25.81200075149536","25.81200075149536","25.81200075149536"
"37696000","25.812000036239624","25.812000036239624","25.812000036239624"
"37760000","26.267998695373535","26.267998695373535","26.267998695373535"
"37824000","25.93199872970581","25.93199872970581","25.93199872970581"
"37888000","25.379998445510864","25.379998445510864","25.379998445510864"
"37952000","25.63200044631958","25.63200044631958","25.63200044631958"
"38016000","26.35200071334839","26.35200071334839","26.35200071334839"
"38080000","26.255999088287354","26.255999088287354","26.255999088287354"
"38144000","26.040000438690186","26.040000438690186","26.040000438690186"
"38208000","25.95600152015686","25.95600152015686","25.95600152015686"
"38272000","27.107999801635742","27.107999801635742","27.107999801635742"
"38336000","26.06399917602539","26.06399917602539","26.06399917602539"
"38400000","25.92000102996826","25.92000102996826","25.92000102996826"
"38464000","26.18400001525879","26.18400001525879","26.18400001525879"
"38528000","25.499998331069946","25.499998331069946","25.499998331069946"
"38592000","26.243999004364014","26.243999004364014","26.243999004364014"
"38656000","25.81200122833252","25.81200122833252","25.81200122833252"
"38720000","26.25599956512451","26.25599956512451","26.25599956512451"
"38784000","25.751998901367188","25.751998901367188","25.751998901367188"
"38848000","25.608002185821533","25.608002185821533","25.608002185821533"
"38912000","26.184000492095947","26.184000492095947","26.184000492095947"
"38976000","25.920000076293945","25.920000076293945","25.920000076293945"
"39040000","25.619998931884766","25.619998931884766","25.619998931884766"
"39104000","26.04000234603882","26.04000234603882","26.04000234603882"
"39168000","26.351999759674072","26.351999759674072","26.351999759674072"
"39232000","26.18399953842163","26.18399953842163","26.18399953842163"
"39296000","25.82399845123291","25.82399845123291","25.82399845123291"
"39360000","26.447999954223633","26.447999954223633","26.447999954223633"
"39424000","26.66399908065796","26.66399908065796","26.66399908065796"
"39488000","26.771999835968018","26.771999835968018","26.771999835968018"
"39552000","26.459998607635498","26.459998607635498","26.459998607635498"
"39616000","26.544001579284668","26.544001579284668","26.544001579284668"
"39680000","25.283999919891357","25.283999919891357","25.283999919891357"
"39744000","24.947999477386475","24.947999477386475","24.947999477386475"
"39808000","26.13599967956543","26.13599967956543","26.13599967956543"
"39872000","26.495999813079834","26.495999813079834","26.495999813079834"
"39936000","26.49600124359131","26.49600124359131","26.49600124359131"
"40000000","26.711999893188477","26.711999893188477","26.711999893188477"
"40064000","25.992001056671143","25.992001056671143","25.992001056671143"
"40128000","25.19999885559082","25.19999885559082","25.19999885559082"
"40192000","26.06399917602539","26.06399917602539","26.06399917602539"
"40256000","26.028000116348267","26.028000116348267","26.028000116348267"
"40320000","25.955998420715332","25.955998420715332","25.955998420715332"
"40384000","26.43599843978882","26.43599843978882","26.43599843978882"
"40448000","26.6159987449646","26.6159987449646","26.6159987449646"
"40512000","26.820000648498535","26.820000648498535","26.820000648498535"
"40576000","26.807997703552246","26.807997703552246","26.807997703552246"
"40640000","26.06399917602539","26.06399917602539","26.06399917602539"
"40704000","24.959998846054077","24.959998846054077","24.959998846054077"
"40768000","25.476000785827637","25.476000785827637","25.476000785827637"
"40832000","26.076000690460205","26.076000690460205","26.076000690460205"
"40896000","26.20800018310547","26.20800018310547","26.20800018310547"
"40960000","26.040000677108765","26.040000677108765","26.040000677108765"
"41024000","25.74000096321106","25.74000096321106","25.74000096321106"
"41088000","26.064000606536865","26.064000606536865","26.064000606536865"
"41152000","26.388000965118408","26.388000965118408","26.388000965118408"
"41216000","26.651997566223145","26.651997566223145","26.651997566223145"
"41280000","26.219999313354492","26.219999313354492","26.219999313354492"
"41344000","25.607998371124268","25.607998371124268","25.607998371124268"
"41408000","25.872000694274902","25.872000694274902","25.872000694274902"
"41472000","25.788000106811523","25.788000106811523","25.788000106811523"
"41536000","25.46400022506714","25.46400022506714","25.46400022506714"
"41600000","26.207997798919678","26.207997798919678","26.207997798919678"
"41664000","26.100000858306885","26.100000858306885","26.100000858306885"
"41728000","26.363998889923096","26.363998889923096","26.363998889923096"
"41792000","24.74399995803833","24.74399995803833","24.74399995803833"
"41856000","24.34800124168396","24.34800124168396","24.34800124168396"
"41920000","25.115999460220337","25.115999460220337","25.115999460220337"
"41984000","24.792000770568848","24.792000770568848","24.792000770568848"
"42048000","25.343998193740845","25.343998193740845","25.343998193740845"
"42112000","26.136000156402588","26.136000156402588","26.136000156402588"
"42176000","25.94399929046631","25.94399929046631","25.94399929046631"
"42240000","25.29599952697754","25.29599952697754","25.29599952697754"
"42304000","25.548001289367676","25.548001289367676","25.548001289367676"
"42368000","26.052000522613525","26.052000522613525","26.052000522613525"
"42432000","25.88399887084961","25.88399887084961","25.88399887084961"
"42496000","26.315999507904053","26.315999507904053","26.315999507904053"
"42560000","25.87199878692627","25.87199878692627","25.87199878692627"
"42624000","25.547998428344727","25.547998428344727","25.547998428344727"
"42688000","26.064000129699707","26.064000129699707","26.064000129699707"
"42752000","25.379997730255127","25.379997730255127","25.379997730255127"
"42816000","25.919999599456787","25.919999599456787","25.919999599456787"
"42880000","26.712000370025635","26.712000370025635","26.712000370025635"
"42944000","26.099998950958252","26.099998950958252","26.099998950958252"
"43008000","25.66800022125244","25.66800022125244","25.66800022125244"
"43072000","25.823999881744385","25.823999881744385","25.823999881744385"
"43136000","25.967998504638672","25.967998504638672","25.967998504638672"
"43200000","25.72800302505493","25.72800302505493","25.72800302505493"
"43264000","26.2200026512146","26.2200026512146","26.2200026512146"
"43328000","26.088001251220703","26.088001251220703","26.088001251220703"
"43392000","26.26800012588501","26.26800012588501","26.26800012588501"
"43456000","26.568002223968506","26.568002223968506","26.568002223968506"
"43520000","25.811999797821045","25.811999797821045","25.811999797821045"
"43584000","26.064000606536865","26.064000606536865","26.064000606536865"
"43648000","26.099998950958252","26.099998950958252","26.099998950958252"
"43712000","25.992000102996826","25.992000102996826","25.992000102996826"
"43776000","26.243998527526855","26.243998527526855","26.243998527526855"
"43840000","26.68800115585327","26.68800115585327","26.68800115585327"
"43904000","26.71199893951416","26.71199893951416","26.71199893951416"
"43968000","25.320003032684326","25.320003032684326","25.320003032684326"
"44032000","24.947999000549316","24.947999000549316","24.947999000549316"
"44096000","25.463999032974243","25.463999032974243","25.463999032974243"
"44160000","26.56800079345703","26.56800079345703","26.56800079345703"
"44224000","25.848000526428223","25.848000526428223","25.848000526428223"
"44288000","26.13599967956543","26.13599967956543","26.13599967956543"
"44352000","25.824000358581543","25.824000358581543","25.824000358581543"
"44416000","26.003999710083008","26.003999710083008","26.003999710083008"
"44480000","25.679999828338623","25.679999828338623","25.679999828338623"
"44544000","25.091999530792236","25.091999530792236","25.091999530792236"
"44608000","25.6560001373291","25.6560001373291","25.6560001373291"
"44672000","26.41200017929077","26.41200017929077","26.41200017929077"
"44736000","26.748003005981445","26.748003005981445","26.748003005981445"
"44800000","25.739998817443848","25.739998817443848","25.739998817443848"
"44864000","25.6200008392334","25.6200008392334","25.6200008392334"
"44928000","25.93200159072876","25.93200159072876","25.93200159072876"
"44992000","26.112000942230225","26.112000942230225","26.112000942230225"
"45056000","27.144001007080078","27.144001007080078","27.144001007080078"
"45120000","26.892000198364258","26.892000198364258","26.892000198364258"
"45184000","26.028000831604004","26.028000831604004","26.028000831604004"
"45248000","25.49999976158142","25.49999976158142","25.49999976158142"
"45312000","25.860002756118774","25.860002756118774","25.860002756118774"
"45376000","26.244000911712646","26.244000911712646","26.244000911712646"
"45440000","25.739998817443848","25.739998817443848","25.739998817443848"
"45504000","25.608002185821533","25.608002185821533","25.608002185821533"
"45568000","25.44000005722046","25.44000005722046","25.44000005722046"
"45632000","25.21199917793274","25.21199917793274","25.21199917793274"
"45696000","25.380000591278076","25.380000591278076","25.380000591278076"
"45760000","26.58000135421753","26.58000135421753","26.58000135421753"
"45824000","26.219998359680176","26.219998359680176","26.219998359680176"
"45888000","25.896000385284424","25.896000385284424","25.896000385284424"
"45952000","25.96800208091736","25.96800208091736","25.96800208091736"
"46016000","26.460001468658447","26.460001468658447","26.460001468658447"
"46080000","26.112000942230225","26.112000942230225","26.112000942230225"
"46144000","25.607998371124268","25.607998371124268","25.607998371124268"
"46208000","25.031999111175537","25.031999111175537","25.031999111175537"
"46272000","25.571999073028564","25.571999073028564","25.571999073028564"
"46336000","26.148000240325928","26.148000240325928","26.148000240325928"
"46400000","25.355998992919922","25.355998992919922","25.355998992919922"
"46464000","26.14799976348877","26.14799976348877","26.14799976348877"
"46528000","25.932000160217285","25.932000160217285","25.932000160217285"
"46592000","26.07599973678589","26.07599973678589","26.07599973678589"
"46656000","26.90400218963623","26.90400218963623","26.90400218963623"
"46720000","27.251999855041504","27.251999855041504","27.251999855041504"
"46784000","26.18400001525879","26.18400001525879","26.18400001525879"
"46848000","25.812000274658203","25.812000274658203","25.812000274658203"
"46912000","25.859999656677246","25.859999656677246","25.859999656677246"
"46976000","25.751999378204346","25.751999378204346","25.751999378204346"
"47040000","25.91999864578247","25.91999864578247","25.91999864578247"
"47104000","26.148000240325928","26.148000240325928","26.148000240325928"
"47168000","26.14799976348877","26.14799976348877","26.14799976348877"
"47232000","26.35200071334839","26.35200071334839","26.35200071334839"
"47296000","25.8240008354187","25.8240008354187","25.8240008354187"
"47360000","25.6200008392334","25.6200008392334","25.6200008392334"
"47424000","26.62799882888794","26.62799882888794","26.62799882888794"
"47488000","26.387999057769775","26.387999057769775","26.387999057769775"
"47552000","26.640000343322754","26.640000343322754","26.640000343322754"
"47616000","26.472000122070312","26.472000122070312","26.472000122070312"
"47680000","26.532001972198486","26.532001972198486","26.532001972198486"
"47744000","26.42399835586548","26.42399835586548","26.42399835586548"
"47808000","26.819998741149902","26.819998741149902","26.819998741149902"
"47872000","26.136000633239746","26.136000633239746","26.136000633239746"
"47936000","26.85599946975708","26.85599946975708","26.85599946975708"
"48000000","26.315999031066895","26.315999031066895","26.315999031066895"
"48064000","26.47200059890747","26.47200059890747","26.47200059890747"
"48128000","26.051997661590576","26.051997661590576","26.051997661590576"
"48192000","26.483999729156494","26.483999729156494","26.483999729156494"
"48256000","26.616002082824707","26.616002082824707","26.616002082824707"
"48320000","25.547998428344727","25.547998428344727","25.547998428344727"
"48384000","25.64400005340576","25.64400005340576","25.64400005340576"
"48448000","26.64000368118286","26.64000368118286","26.64000368118286"
"48512000","25.20000171661377","25.20000171661377","25.20000171661377"
"48576000","25.272000312805176","25.272000312805176","25.272000312805176"
"48640000","25.74000072479248","25.74000072479248","25.74000072479248"
"48704000","26.076000690460205","26.076000690460205","26.076000690460205"
"48768000","26.939999103546143","26.939999103546143","26.939999103546143"
"48832000","27.10800313949585","27.10800313949585","27.10800313949585"
"48896000","26.796000003814697","26.796000003814697","26.796000003814697"
"48960000","26.436002254486084","26.436002254486084","26.436002254486084"
"49024000","26.184001445770264","26.184001445770264","26.184001445770264"
"49088000","26.639999866485596","26.639999866485596","26.639999866485596"
"49152000","26.67600107192993","26.67600107192993","26.67600107192993"
"49216000","25.788001537322998","25.788001537322998","25.788001537322998"
"49280000","25.895999431610107","25.895999431610107","25.895999431610107"
"49344000","25.740001678466797","25.740001678466797","25.740001678466797"
"49408000","25.823997259140015","25.823997259140015","25.823997259140015"
"49472000","26.24400234222412","26.24400234222412","26.24400234222412"
"49536000","26.148000240325928","26.148000240325928","26.148000240325928"
"49600000","26.43600034713745","26.43600034713745","26.43600034713745"
"49664000","26.82000207901001","26.82000207901001","26.82000207901001"
"49728000","26.244001388549805","26.244001388549805","26.244001388549805"
"49792000","26.135998725891113","26.135998725891113","26.135998725891113"
"49856000","25.48800039291382","25.48800039291382","25.48800039291382"
"49920000","25.631999731063843","25.631999731063843","25.631999731063843"
"49984000","26.184001922607422","26.184001922607422","26.184001922607422"
"50048000","26.3879976272583","26.3879976272583","26.3879976272583"
"50112000","26.484000205993652","26.484000205993652","26.484000205993652"
"50176000","26.08799982070923","26.08799982070923","26.08799982070923"
"50240000","25.74000072479248","25.74000072479248","25.74000072479248"
"50304000","26.220001697540283","26.220001697540283","26.220001697540283"
"50368000","25.811999797821045","25.811999797821045","25.811999797821045"
"50432000","26.711999893188477","26.711999893188477","26.711999893188477"
"50496000","26.315998554229736","26.315998554229736","26.315998554229736"
"50560000","26.20800018310547","26.20800018310547","26.20800018310547"
"50624000","26.41199827194214","26.41199827194214","26.41199827194214"
"50688000","25.66800022125244","25.66800022125244","25.66800022125244"
"50752000","25.71600103378296","25.71600103378296","25.71600103378296"
"50816000","25.968000888824463","25.968000888824463","25.968000888824463"
"50880000","25.89599847793579","25.89599847793579","25.89599847793579"
"50944000","25.643998622894287","25.643998622894287","25.643998622894287"
"51008000","26.472002029418945","26.472002029418945","26.472002029418945"
"51072000","25.95599889755249","25.95599889755249","25.95599889755249"
"51136000","26.027999877929688","26.027999877929688","26.027999877929688"
"51200000","26.71199893951416","26.71199893951416","26.71199893951416"
"51264000","27.012001514434814","27.012001514434814","27.012001514434814"
"51328000","26.06399965286255","26.06399965286255","26.06399965286255"
"51392000","26.099998950958252","26.099998950958252","26.099998950958252"
"51456000","26.688002586364746","26.688002586364746","26.688002586364746"
"51520000","25.572000741958618","25.572000741958618","25.572000741958618"
"51584000","25.715999841690063","25.715999841690063","25.715999841690063"
"51648000","25.703999996185303","25.703999996185303","25.703999996185303"
"51712000","26.640000343322754","26.640000343322754","26.640000343322754"
"51776000","26.136000633239746","26.136000633239746","26.136000633239746"
"51840000","26.856000900268555","26.856000900268555","26.856000900268555"
"51904000","26.171998500823975","26.171998500823975","26.171998500823975"
"51968000","25.667997360229492","25.667997360229492","25.667997360229492"
"52032000","25.860002040863037","25.860002040863037","25.860002040863037"
"52096000","25.69200086593628","25.69200086593628","25.69200086593628"
"52160000","25.416000366210938","25.416000366210938","25.416000366210938"
"52224000","26.46000099182129","26.46000099182129","26.46000099182129"
"52288000","25.883999824523926","25.883999824523926","25.883999824523926"
"52352000","25.355998992919922","25.355998992919922","25.355998992919922"
"52416000","25.90799832344055","25.90799832344055","25.90799832344055"
"52480000","25.82400131225586","25.82400131225586","25.82400131225586"
"52544000","26.279999256134033","26.279999256134033","26.279999256134033"
"52608000","25.751998901367188","25.751998901367188","25.751998901367188"
"52672000","25.31999897956848","25.31999897956848","25.31999897956848"
"52736000","26.148000717163086","26.148000717163086","26.148000717163086"
"52800000","25.3439998626709","25.3439998626709","25.3439998626709"
"52864000","25.127999782562256","25.127999782562256","25.127999782562256"
"52928000","25.73999834060669","25.73999834060669","25.73999834060669"
"52992000","25.559998512268066","25.559998512268066","25.559998512268066"
"53056000","25.500001192092896","25.500001192092896","25.500001192092896"
"53120000","25.632001399993896","25.632001399993896","25.632001399993896"
"53184000","26.076000690460205","26.076000690460205","26.076000690460205"
"53248000","26.148000240325928","26.148000240325928","26.148000240325928"
"53312000","25.560001611709595","25.560001611709595","25.560001611709595"
"53376000","25.812000513076782","25.812000513076782","25.812000513076782"
"53440000","26.604001998901367","26.604001998901367","26.604001998901367"
"53504000","26.50800132751465","26.50800132751465","26.50800132751465"
"53568000","25.36799955368042","25.36799955368042","25.36799955368042"
"53632000","25.78800058364868","25.78800058364868","25.78800058364868"
"53696000","25.703999042510986","25.703999042510986","25.703999042510986"
"53760000","25.39200234413147","25.39200234413147","25.39200234413147"
"53824000","25.716001987457275","25.716001987457275","25.716001987457275"
"53888000","26.783999919891357","26.783999919891357","26.783999919891357"
"53952000","26.100000858306885","26.100000858306885","26.100000858306885"
"54016000","25.59600043296814","25.59600043296814","25.59600043296814"
"54080000","25.727999210357666","25.727999210357666","25.727999210357666"
"54144000","26.136000633239746","26.136000633239746","26.136000633239746"
"54208000","26.915997982025146","26.915997982025146","26.915997982025146"
"54272000","26.26799964904785","26.26799964904785","26.26799964904785"
"54336000","25.631999492645264","25.631999492645264","25.631999492645264"
"54400000","26.09999942779541","26.09999942779541","26.09999942779541"
"54464000","25.59600043296814","25.59600043296814","25.59600043296814"
"54528000","25.92000102996826","25.92000102996826","25.92000102996826"
"54592000","26.46000051498413","26.46000051498413","26.46000051498413"
"54656000","27.07200002670288","27.07200002670288","27.07200002670288"
"54720000","26.6159987449646","26.6159987449646","26.6159987449646"
"54784000","26.723998546600342","26.723998546600342","26.723998546600342"
"54848000","26.603999614715576","26.603999614715576","26.603999614715576"
"54912000","25.668001174926758","25.668001174926758","25.668001174926758"
"54976000","26.243999481201172","26.243999481201172","26.243999481201172"
"55040000","26.184000968933105","26.184000968933105","26.184000968933105"
"55104000","26.37599802017212","26.37599802017212","26.37599802017212"
"55168000","26.17199993133545","26.17199993133545","26.17199993133545"
"55232000","26.027998208999634","26.027998208999634","26.027998208999634"
"55296000","25.416000366210938","25.416000366210938","25.416000366210938"
"55360000","25.308000087738037","25.308000087738037","25.308000087738037"
"55424000","25.27199935913086","25.27199935913086","25.27199935913086"
"55488000","25.164000511169434","25.164000511169434","25.164000511169434"
"55552000","25.848000049591064","25.848000049591064","25.848000049591064"
"55616000","25.716000080108643","25.716000080108643","25.716000080108643"
"55680000","26.48399829864502","26.48399829864502","26.48399829864502"
"55744000","26.435999870300293","26.435999870300293","26.435999870300293"
"55808000","25.78799867630005","25.78799867630005","25.78799867630005"
"55872000","25.847999095916748","25.847999095916748","25.847999095916748"
"55936000","26.06399917602539","26.06399917602539","26.06399917602539"
"56000000","26.00400161743164","26.00400161743164","26.00400161743164"
"56064000","25.96799898147583","25.96799898147583","25.96799898147583"
"56128000","25.848000049591064","25.848000049591064","25.848000049591064"
"56192000","25.59600019454956","25.59600019454956","25.59600019454956"
"56256000","25.931997776031494","25.931997776031494","25.931997776031494"
"56320000","25.84800148010254","25.84800148010254","25.84800148010254"
"56384000","26.11199951171875","26.11199951171875","26.11199951171875"
"56448000","26.220001697540283","26.220001697540283","26.220001697540283"
"56512000","25.59600019454956","25.59600019454956","25.59600019454956"
"56576000","25.487998485565186","25.487998485565186","25.487998485565186"
"56640000","25.644001007080078","25.644001007080078","25.644001007080078"
"56704000","26.579999923706055","26.579999923706055","26.579999923706055"
"56768000","26.24399995803833","26.24399995803833","26.24399995803833"
"56832000","25.8480007648468","25.8480007648468","25.8480007648468"
"56896000","26.67600107192993","26.67600107192993","26.67600107192993"
"56960000","27.2760009765625","27.2760009765625","27.2760009765625"
"57024000","26.34000301361084","26.34000301361084","26.34000301361084"
"57088000","26.400002002716064","26.400002002716064","26.400002002716064"
"57152000","25.992000102996826","25.992000102996826","25.992000102996826"
"57216000","26.00399923324585","26.00399923324585","26.00399923324585"
"57280000","26.231999397277832","26.231999397277832","26.231999397277832"
"57344000","26.315999507904053","26.315999507904053","26.315999507904053"
"57408000","26.84399938583374","26.84399938583374","26.84399938583374"
"57472000","26.315998554229736","26.315998554229736","26.315998554229736"
"57536000","26.352001190185547","26.352001190185547","26.352001190185547"
"57600000","25.52400040626526","25.52400040626526","25.52400040626526"
"57664000","25.812000274658203","25.812000274658203","25.812000274658203"
"57728000","25.464000701904297","25.464000701904297","25.464000701904297"
"57792000","25.932000637054443","25.932000637054443","25.932000637054443"
"57856000","26.219999313354492","26.219999313354492","26.219999313354492"
"57920000","27.18000078201294","27.18000078201294","27.18000078201294"
"57984000","26.532000064849854","26.532000064849854","26.532000064849854"
"58048000","26.291999340057373","26.291999340057373","26.291999340057373"
"58112000","25.8360013961792","25.8360013961792","25.8360013961792"
"58176000","26.63999843597412","26.63999843597412","26.63999843597412"
"58240000","26.31599998474121","26.31599998474121","26.31599998474121"
"58304000","26.459999084472656","26.459999084472656","26.459999084472656"
"58368000","26.71199893951416","26.71199893951416","26.71199893951416"
"58432000","25.9920015335083","25.9920015335083","25.9920015335083"
"58496000","26.171998977661133","26.171998977661133","26.171998977661133"
"58560000","25.59600067138672","25.59600067138672","25.59600067138672"
"58624000","25.643999576568604","25.643999576568604","25.643999576568604"
"58688000","26.136000156402588","26.136000156402588","26.136000156402588"
"58752000","25.84800148010254","25.84800148010254","25.84800148010254"
"58816000","25.05600118637085","25.05600118637085","25.05600118637085"
"58880000","25.52399969100952","25.52399969100952","25.52399969100952"
"58944000","26.256000518798828","26.256000518798828","26.256000518798828"
"59008000","26.36400032043457","26.36400032043457","26.36400032043457"
"59072000","25.896000862121582","25.896000862121582","25.896000862121582"
"59136000","26.124000072479248","26.124000072479248","26.124000072479248"
"59200000","25.9320011138916","25.9320011138916","25.9320011138916"
"59264000","25.920001983642578","25.920001983642578","25.920001983642578"
"59328000","25.811999797821045","25.811999797821045","25.811999797821045"
"59392000","27.000000476837158","27.000000476837158","27.000000476837158"
"59456000","26.75999879837036","26.75999879837036","26.75999879837036"
"59520000","26.136003017425537","26.136003017425537","26.136003017425537"
"59584000","25.667999744415283","25.667999744415283","25.667999744415283"
"59648000","25.41599988937378","25.41599988937378","25.41599988937378"
"59712000","25.23599863052368","25.23599863052368","25.23599863052368"
"59776000","26.207999229431152","26.207999229431152","26.207999229431152"
"59840000","26.351999282836914","26.351999282836914","26.351999282836914"
"59904000","25.70400047302246","25.70400047302246","25.70400047302246"
"59968000","26.47200059890747","26.47200059890747","26.47200059890747"
"60032000","26.231998443603516","26.231998443603516","26.231998443603516"
"60096000","25.115999221801758","25.115999221801758","25.115999221801758"
"60160000","25.64400005340576","25.64400005340576","25.64400005340576"
"60224000","26.38800048828125","26.38800048828125","26.38800048828125"
"60288000","25.703999042510986","25.703999042510986","25.703999042510986"
"60352000","25.28399896621704","25.28399896621704","25.28399896621704"
"60416000","25.39199948310852","25.39199948310852","25.39199948310852"
"60480000","25.37999963760376","25.37999963760376","25.37999963760376"
"60544000","25.560001373291016","25.560001373291016","25.560001373291016"
"60608000","26.20800018310547","26.20800018310547","26.20800018310547"
"60672000","26.004000663757324","26.004000663757324","26.004000663757324"
"60736000","25.944000244140625","25.944000244140625","25.944000244140625"
"60800000","26.351998805999756","26.351998805999756","26.351998805999756"
"60864000","26.387999534606934","26.387999534606934","26.387999534606934"
"60928000","26.796000480651855","26.796000480651855","26.796000480651855"
"60992000","26.18399715423584","26.18399715423584","26.18399715423584"
"61056000","26.651999950408936","26.651999950408936","26.651999950408936"
"61120000","25.956002235412598","25.956002235412598","25.956002235412598"
"61184000","26.279996395111084","26.279996395111084","26.279996395111084"
"61248000","26.28000020980835","26.28000020980835","26.28000020980835"
"61312000","25.812003135681152","25.812003135681152","25.812003135681152"
"61376000","26.148000240325928","26.148000240325928","26.148000240325928"
"61440000","26.663997173309326","26.663997173309326","26.663997173309326"
"61504000","25.848000526428223","25.848000526428223","25.848000526428223"
"61568000","25.920000553131104","25.920000553131104","25.920000553131104"
"61632000","26.472001552581787","26.472001552581787","26.472001552581787"
"61696000","26.507999420166016","26.507999420166016","26.507999420166016"
"61760000","26.004003047943115","26.004003047943115","26.004003047943115"
"61824000","25.66800022125244","25.66800022125244","25.66800022125244"
"61888000","25.23600196838379","25.23600196838379","25.23600196838379"
"61952000","25.992000579833984","25.992000579833984","25.992000579833984"
"62016000","26.435998916625977","26.435998916625977","26.435998916625977"
"62080000","26.256000995635986","26.256000995635986","26.256000995635986"
"62144000","26.20800018310547","26.20800018310547","26.20800018310547"
"62208000","25.487998723983765","25.487998723983765","25.487998723983765"
"62272000","25.848000526428223","25.848000526428223","25.848000526428223"
"62336000","26.183999061584473","26.183999061584473","26.183999061584473"
"62400000","26.123998165130615","26.123998165130615","26.123998165130615"
"62464000","26.316000938415527","26.316000938415527","26.316000938415527"
"62528000","26.963998317718506","26.963998317718506","26.963998317718506"
"62592000","26.47200059890747","26.47200059890747","26.47200059890747"
"62656000","25.81199884414673","25.81199884414673","25.81199884414673"
"62720000","25.54800009727478","25.54800009727478","25.54800009727478"
"62784000","26.136000156402588","26.136000156402588","26.136000156402588"
"62848000","25.992000102996826","25.992000102996826","25.992000102996826"
"62912000","26.09999942779541","26.09999942779541","26.09999942779541"
"62976000","26.532000064849854","26.532000064849854","26.532000064849854"
"63040000","26.819997787475586","26.819997787475586","26.819997787475586"
"63104000","26.568001747131348","26.568001747131348","26.568001747131348"
"63168000","26.064000129699707","26.064000129699707","26.064000129699707"
"63232000","25.632001399993896","25.632001399993896","25.632001399993896"
"63296000","26.147997856140137","26.147997856140137","26.147997856140137"
"63360000","26.531999111175537","26.531999111175537","26.531999111175537"
"63424000","25.416000604629517","25.416000604629517","25.416000604629517"
"63488000","25.164000034332275","25.164000034332275","25.164000034332275"
"63552000","26.351999282836914","26.351999282836914","26.351999282836914"
"63616000","26.232000827789307","26.232000827789307","26.232000827789307"
"63680000","26.364001274108887","26.364001274108887","26.364001274108887"
"63744000","26.855998992919922","26.855998992919922","26.855998992919922"
"63808000","25.95599937438965","25.95599937438965","25.95599937438965"
"63872000","25.64400053024292","25.64400053024292","25.64400053024292"
"63936000","25.320000648498535","25.320000648498535","25.320000648498535"
"64000000","25.476001739501953","25.476001739501953","25.476001739501953"
"64064000","26.256001949310303","26.256001949310303","26.256001949310303"
"64128000","26.075999975204468","26.075999975204468","26.075999975204468"
"64192000","25.22399926185608","25.22399926185608","25.22399926185608"
"64256000","25.667999267578125","25.667999267578125","25.667999267578125"
"64320000","26.219999313354492","26.219999313354492","26.219999313354492"
"64384000","26.087998867034912","26.087998867034912","26.087998867034912"
"64448000","26.712000370025635","26.712000370025635","26.712000370025635"
"64512000","25.859999179840088","25.859999179840088","25.859999179840088"
"64576000","25.65600061416626","25.65600061416626","25.65600061416626"
"64640000","26.01599907875061","26.01599907875061","26.01599907875061"
"64704000","25.380000829696655","25.380000829696655","25.380000829696655"
"64768000","25.06800150871277","25.06800150871277","25.06800150871277"
"64832000","25.355998992919922","25.355998992919922","25.355998992919922"
"64896000","25.871999263763428","25.871999263763428","25.871999263763428"
"64960000","26.68799924850464","26.68799924850464","26.68799924850464"
"65024000","26.35200023651123","26.35200023651123","26.35200023651123"
"65088000","25.85999822616577","25.85999822616577","25.85999822616577"
"65152000","26.26799964904785","26.26799964904785","26.26799964904785"
"65216000","26.016000747680664","26.016000747680664","26.016000747680664"
"65280000","24.851998329162598","24.851998329162598","24.851998329162598"
"65344000","25.775999069213867","25.775999069213867","25.775999069213867"